date,bot_type,entry_price,exit_price,strike_a,strike_b,strike_c,strike_d,credit_or_debit,pnl,exit_reason,vix,atr,regime,confluence,adx,rsi
2023-06-15,BULLISH,4409.6201171875,4426.39990234375,4410.0,4420.0,0.0,0.0,-3.38,662.0,EXPIRY,14.5,41.93695355920621,BULLISH,4,38.28648388787547,61.32846652758088
2023-06-16,BULLISH,4434.02978515625,4409.77001953125,4435.0,4445.0,0.0,0.0,-3.16,-158.0,STOP_LOSS,13.539999961853027,46.55870610547872,BULLISH,4,39.4877703416061,72.14758944935484
2023-06-20,BULLISH,4388.89013671875,4389.0498046875,4390.0,4400.0,0.0,0.0,-3.24,-324.0,EXPIRY,13.880000114440918,45.821581749748226,BULLISH,3,40.247439375405314,56.52662769906355
2023-06-27,BEARISH,4362.5,4378.1201171875,4360.0,4350.0,0.0,0.0,-3.21,-160.5,STOP_LOSS,13.739999771118164,40.33739981850809,BEARISH,3,30.710115038480883,36.6097069233755
2023-07-05,BULLISH,4447.68994140625,4446.64990234375,4450.0,4460.0,0.0,0.0,-3.31,-331.0,EXPIRY,14.180000305175781,38.224588143509315,BULLISH,4,31.317325808560174,73.88424654886934
2023-07-07,SIDEWAYS,4424.68994140625,4398.759765625,4435.0,4440.0,4410.0,4405.0,1.48,-296.0,STOP_LOSS,14.829999923706055,39.140157663902556,SIDEWAYS,0,25.420609417156374,46.09391947973518
2023-07-11,SIDEWAYS,4422.330078125,4439.27978515625,4435.0,4440.0,4410.0,4405.0,1.48,-296.0,STOP_LOSS,14.84000015258789,37.390391166164584,SIDEWAYS,0,23.377224873567606,48.24839746850333
2023-07-14,BULLISH,4511.72021484375,4506.0400390625,4510.0,4520.0,0.0,0.0,-3.11,-311.0,EXPIRY,13.34000015258789,39.563761845333666,BULLISH,4,31.611476689356493,73.08142275439309
2023-07-17,BULLISH,4516.31005859375,4522.2900390625,4515.0,4525.0,0.0,0.0,-3.15,414.00390624999994,EXPIRY,13.479999542236328,38.048554536789176,BULLISH,3,33.85275899102536,64.67716271277484
2023-07-18,BULLISH,4543.77978515625,4555.64013671875,4545.0,4555.0,0.0,0.0,-3.1,690.0,EXPIRY,13.300000190734863,36.70210664021729,BULLISH,4,35.42626279628387,66.86938006706754
2023-07-19,BULLISH,4567.85009765625,4565.64990234375,4570.0,4580.0,0.0,0.0,-3.21,-321.0,EXPIRY,13.760000228881836,38.16982054652165,BULLISH,4,40.380153853171514,76.13240994233584
2023-07-20,BULLISH,4551.64990234375,4535.27978515625,4550.0,4560.0,0.0,0.0,-3.26,-163.0,STOP_LOSS,13.989999771118164,36.20720384865209,BULLISH,4,45.062568003114755,67.64836531441196
2023-07-24,SIDEWAYS,4558.259765625,4555.06005859375,4570.0,4575.0,4545.0,4540.0,1.4,140.0,EXPIRY,13.90999984741211,34.28923554354313,SIDEWAYS,0,20.929486277144953,47.170703013399724
2023-08-03,BEARISH,4508.52978515625,4501.18994140625,4510.0,4500.0,0.0,0.0,-3.71,510.005859375,EXPIRY,15.920000076293945,40.64285587347493,BEARISH,3,25.845939856319408,33.031758962404595
2023-08-04,BEARISH,4536.39013671875,4478.5498046875,4535.0,4525.0,0.0,0.0,-3.99,601.0,EXPIRY,17.100000381469727,39.75050113201161,BEARISH,3,33.37357768069676,36.388435000412215
2023-08-07,BEARISH,4507.240234375,4518.31005859375,4505.0,4495.0,0.0,0.0,-3.68,-368.0,EXPIRY,15.770000457763672,43.22243952274339,BEARISH,3,27.611359842913746,34.30024284166585
2023-08-17,BEARISH,4410.5,4369.740234375,4410.0,4400.0,0.0,0.0,-4.17,583.0,EXPIRY,17.889999389648438,46.0907739404785,BEARISH,4,26.913256903481148,31.353452506536627
2023-08-18,BEARISH,4364.2099609375,4370.60009765625,4365.0,4355.0,0.0,0.0,-4.04,-202.0,STOP_LOSS,17.299999237060547,47.45731658174804,BEARISH,4,34.856607020563345,26.66717882207155
2023-08-21,BEARISH,4375.9501953125,4400.1298828125,4375.0,4365.0,0.0,0.0,-4.0,-200.0,STOP_LOSS,17.1299991607666,47.33097645418163,BEARISH,3,40.59362387984244,36.14486141348067
2023-08-24,BULLISH,4406.740234375,4375.990234375,4405.0,4415.0,0.0,0.0,-4.01,-200.5,STOP_LOSS,17.200000762939453,47.0992751725443,BULLISH,3,25.94915867324649,65.80216641043515
2023-08-28,SIDEWAYS,4418.3798828125,4433.2001953125,4435.0,4440.0,4400.0,4395.0,1.5,-300.0,STOP_LOSS,15.079999923706055,53.22833404626661,SIDEWAYS,0,17.073317019831258,51.20776800557725
2023-08-30,BULLISH,4518.4599609375,4515.14013671875,4520.0,4530.0,0.0,0.0,-3.24,-324.0,EXPIRY,13.880000114440918,53.01995476002914,BULLISH,4,34.080126405921355,72.53922859743541
2023-08-31,BULLISH,4517.919921875,4508.27978515625,4520.0,4530.0,0.0,0.0,-3.17,-317.0,EXPIRY,13.569999694824219,49.69196860452525,BULLISH,4,44.71739648930521,71.68324174101032
2023-09-01,BULLISH,4510.14013671875,4514.9501953125,4510.0,4520.0,0.0,0.0,-3.05,190.01953125000003,EXPIRY,13.09000015258789,46.382323311421885,BULLISH,3,44.94916325249142,59.159893628499496
2023-09-05,BULLISH,4507.97021484375,4496.68017578125,4510.0,4520.0,0.0,0.0,-3.27,-327.0,EXPIRY,14.010000228881836,45.5180005157323,BULLISH,4,37.99166499546251,57.91504442461802
2023-09-07,BEARISH,4453.7001953125,4451.5400390625,4455.0,4445.0,0.0,0.0,-3.36,9.996093750000012,EXPIRY,14.399999618530273,43.73250910265004,BEARISH,3,29.916985427174318,39.56416876042492
2023-09-08,BEARISH,4465.52001953125,4457.990234375,4465.0,4455.0,0.0,0.0,-3.23,377.9765625,EXPIRY,13.84000015258789,42.570843826463374,BEARISH,4,33.41965370861707,40.17299955604996
2023-09-20,BEARISH,4454.8798828125,4401.93017578125,4455.0,4445.0,0.0,0.0,-3.53,647.0000000000001,EXPIRY,15.140000343322754,37.993585787619544,BEARISH,3,28.524006958855757,43.89804237286602
2023-09-22,BEARISH,4348.990234375,4319.25,4350.0,4340.0,0.0,0.0,-4.01,599.0,EXPIRY,17.200000762939453,45.167651831867566,BEARISH,4,40.43744451067143,19.548879883842716
2023-09-25,BEARISH,4335.31982421875,4337.31005859375,4335.0,4325.0,0.0,0.0,-3.94,-394.0,EXPIRY,16.899999618530273,44.599920650118555,BEARISH,4,43.15233469298156,29.883563139606878
2023-09-26,BEARISH,4291.97998046875,4273.669921875,4290.0,4280.0,0.0,0.0,-4.42,558.0,EXPIRY,18.940000534057617,43.42787393843608,BEARISH,3,41.2106599537608,41.652325203300215
2023-09-27,BEARISH,4257.2099609375,4274.72021484375,4255.0,4245.0,0.0,0.0,-4.25,-212.5,STOP_LOSS,18.219999313354492,47.165485538311266,BEARISH,4,46.81873410402845,30.709595131290698
2023-09-28,BEARISH,4316.52978515625,4299.259765625,4315.0,4305.0,0.0,0.0,-4.05,595.0,EXPIRY,17.34000015258789,48.002079654036436,BEARISH,3,42.864726551831666,40.77751714985931
2023-10-12,BULLISH,4384.93017578125,4349.4501953125,4385.0,4395.0,0.0,0.0,-3.89,-194.5,STOP_LOSS,16.690000534057617,53.23909328845132,BULLISH,4,26.458977358208774,67.27361506026176
2023-10-23,BEARISH,4240.240234375,4217.60986328125,4240.0,4230.0,0.0,0.0,-4.75,-237.5,STOP_LOSS,20.3700008392334,58.600902294590625,BEARISH,4,28.730170226902143,26.804202014954654
2023-10-24,BEARISH,4227.2900390625,4247.6201171875,4225.0,4215.0,0.0,0.0,-4.43,-221.5,STOP_LOSS,18.969999313354492,59.67006584281188,BEARISH,4,33.102261721593706,30.015234338453197
2023-10-26,BEARISH,4140.83984375,4136.31982421875,4140.0,4130.0,0.0,0.0,-4.83,-241.5,STOP_LOSS,20.68000030517578,58.54615414276759,BEARISH,4,29.696604255500656,34.407970907511
2023-10-27,BEARISH,4136.4599609375,4118.2998046875,4135.0,4125.0,0.0,0.0,-4.96,-248.0,STOP_LOSS,21.270000457763672,58.58934921539858,BEARISH,4,36.08826895717158,29.968919252306847
2023-10-30,BEARISH,4144.31982421875,4166.509765625,4145.0,4135.0,0.0,0.0,-4.61,-230.50000000000003,STOP_LOSS,19.75,57.83349067417877,BEARISH,4,39.222296449364976,31.992207604101324
2023-11-01,SIDEWAYS,4211.02001953125,4237.60986328125,4230.0,4235.0,4195.0,4190.0,1.68,-336.0,STOP_LOSS,16.8700008392334,56.04156927999428,SIDEWAYS,2,0.0,50.0
2023-11-02,BULLISH,4298.18017578125,4317.9599609375,4300.0,4310.0,0.0,0.0,-3.65,635.0,EXPIRY,15.65999984741211,55.48140431349504,BULLISH,3,26.899358026433507,70.33619572349971
2023-11-03,BULLISH,4366.43017578125,4358.10986328125,4365.0,4375.0,0.0,0.0,-3.48,-174.0,STOP_LOSS,14.90999984741211,58.99859728002903,BULLISH,4,42.81701759048688,83.30058461927472
2023-11-06,BULLISH,4361.18017578125,4366.72998046875,4360.0,4370.0,0.0,0.0,-3.47,-173.5,STOP_LOSS,14.890000343322754,58.5774952468585,BULLISH,4,56.96429462800727,79.38458896659202
2023-11-07,BULLISH,4373.5400390625,4378.81005859375,4375.0,4385.0,0.0,0.0,-3.46,35.005859375,EXPIRY,14.8100004196167,54.05785265144403,BULLISH,4,57.95971981739545,75.4557274418624
2023-11-08,BULLISH,4365.4501953125,4382.97998046875,4365.0,4375.0,0.0,0.0,-3.37,663.0,EXPIRY,14.449999809265137,50.96342021458483,BULLISH,4,56.445774649308866,71.61522615751824
2023-11-09,BULLISH,4381.490234375,4347.43017578125,4380.0,4390.0,0.0,0.0,-3.57,-178.5,STOP_LOSS,15.289999961853027,48.36035481097352,BULLISH,4,44.570226726361106,67.41580754190659
2023-11-10,SIDEWAYS,4382.5400390625,4415.89013671875,4400.0,4405.0,4365.0,4360.0,1.42,-284.0,STOP_LOSS,14.170000076293945,48.50696896117705,SIDEWAYS,0,34.32104465376489,42.8303704929493
2023-11-13,BULLISH,4416.60986328125,4411.1201171875,4415.0,4425.0,0.0,0.0,-3.44,-344.0,EXPIRY,14.760000228881836,51.46333143302011,BULLISH,4,32.2795932203563,70.748803033412
2023-11-14,BULLISH,4489.3798828125,4495.830078125,4490.0,4500.0,0.0,0.0,-3.3,253.00781250000003,EXPIRY,14.15999984741211,48.326879429450756,BULLISH,4,30.458854981467802,61.158841096769116
2023-11-15,BULLISH,4508.93017578125,4503.6201171875,4510.0,4520.0,0.0,0.0,-3.31,-165.5,STOP_LOSS,14.180000305175781,54.83264446385732,BULLISH,4,41.14472638355878,70.80993226241907
2023-11-16,BULLISH,4499.2099609375,4508.43017578125,4500.0,4510.0,0.0,0.0,-3.34,509.017578125,EXPIRY,14.319999694824219,50.96960697284301,BULLISH,3,41.655223567847294,66.2847329385502
2023-11-17,BULLISH,4507.56005859375,4513.91015625,4510.0,4520.0,0.0,0.0,-3.22,69.01562499999999,EXPIRY,13.800000190734863,47.39501354313061,BULLISH,4,33.32724566506788,63.857282178959416
2023-11-20,BULLISH,4534.7001953125,4548.16015625,4535.0,4545.0,0.0,0.0,-3.13,687.0,EXPIRY,13.40999984741211,43.803673195713195,BULLISH,4,32.16609808551631,63.537243030148986
2023-11-21,BULLISH,4537.669921875,4538.7001953125,4540.0,4550.0,0.0,0.0,-3.12,-312.0,EXPIRY,13.350000381469727,44.19651676961811,BULLISH,4,38.9756078814086,70.88272828553343
2023-11-22,BULLISH,4560.10009765625,4556.22998046875,4560.0,4570.0,0.0,0.0,-3.0,-150.0,STOP_LOSS,12.850000381469727,41.21966349200236,BULLISH,4,34.00099119707893,60.90378316617802
2023-11-27,BULLISH,4555.33984375,4550.85986328125,4555.0,4565.0,0.0,0.0,-2.96,-296.0,EXPIRY,12.6899995803833,35.45634151593734,BULLISH,3,33.87143374767728,63.244779989233784
2023-12-11,BULLISH,4608.9599609375,4622.89013671875,4610.0,4620.0,0.0,0.0,-2.95,705.0,EXPIRY,12.630000114440918,36.77319343906759,BULLISH,4,26.920778311881453,62.97565791773322
2023-12-12,BULLISH,4630.18994140625,4643.58984375,4630.0,4640.0,0.0,0.0,-2.82,718.0,EXPIRY,12.069999694824219,35.912744209691915,BULLISH,4,30.57033144478491,70.34573276333403
2023-12-13,BULLISH,4647.3701171875,4706.35009765625,4645.0,4655.0,0.0,0.0,-2.84,716.0,EXPIRY,12.1899995803833,35.903089252566325,BULLISH,4,32.37513298552549,78.76736420438138
2023-12-14,BULLISH,4733.72021484375,4719.41015625,4735.0,4745.0,0.0,0.0,-2.91,-145.5,STOP_LOSS,12.479999542236328,39.977338810557484,BULLISH,4,42.34452540694681,87.24727601663842
2023-12-15,BULLISH,4722.8798828125,4715.02978515625,4725.0,4735.0,0.0,0.0,-2.87,-143.5,STOP_LOSS,12.279999732971191,40.54435769831649,BULLISH,4,49.30110633742833,74.10865525998953
2023-12-18,BULLISH,4745.330078125,4740.5400390625,4745.0,4755.0,0.0,0.0,-2.93,-293.0,EXPIRY,12.5600004196167,37.917089171874295,BULLISH,4,42.6491087140819,65.39935590544482
2023-12-19,BULLISH,4758.25,4768.43994140625,4760.0,4770.0,0.0,0.0,-2.92,551.994140625,EXPIRY,12.529999732971191,36.90548769895772,BULLISH,4,43.275586644801756,68.6237244545089
2023-12-20,BULLISH,4773.64013671875,4698.240234375,4775.0,4785.0,0.0,0.0,-3.19,-159.5,STOP_LOSS,13.670000076293945,35.73540704743002,BULLISH,4,47.550928740709644,74.86203537281591
2024-01-04,BEARISH,4712.93017578125,4689.7001953125,4715.0,4705.0,0.0,0.0,-3.3,670.0,EXPIRY,14.130000114440918,36.88997329935152,BEARISH,3,30.013013467846275,34.29619145769013
2024-01-05,BEARISH,4690.7001953125,4696.66015625,4690.0,4680.0,0.0,0.0,-3.12,-156.0,STOP_LOSS,13.350000381469727,37.20464352610465,BEARISH,3,32.89651570105296,32.931451671466135
2024-01-08,BEARISH,4724.64013671875,4762.740234375,4725.0,4715.0,0.0,0.0,-3.05,-152.5,STOP_LOSS,13.079999923706055,37.49474053512402,BEARISH,3,31.63875650342551,42.32535841353102
2024-01-22,BULLISH,4854.91015625,4850.6201171875,4855.0,4865.0,0.0,0.0,-3.08,-308.0,EXPIRY,13.1899995803833,45.071668593442894,BULLISH,4,27.700591083959996,73.68039446707394
2024-01-23,BULLISH,4847.77978515625,4864.06982421875,4850.0,4860.0,0.0,0.0,-2.93,707.0,EXPIRY,12.550000190734863,42.875459135150514,BULLISH,4,36.96778056967953,68.06359143394413
2024-01-24,BULLISH,4898.93017578125,4869.02978515625,4900.0,4910.0,0.0,0.0,-3.07,-153.5,STOP_LOSS,13.140000343322754,40.10671302129711,BULLISH,4,40.095146481224795,70.17864926540263
2024-01-25,BULLISH,4881.85009765625,4895.0498046875,4880.0,4890.0,0.0,0.0,-3.14,686.0,EXPIRY,13.449999809265137,39.96982836845749,BULLISH,3,44.223205049911705,59.05014052555859
2024-01-26,BULLISH,4899.39990234375,4890.06982421875,4900.0,4910.0,0.0,0.0,-3.09,-154.5,STOP_LOSS,13.260000228881836,38.587197606829825,BULLISH,4,38.318482659031226,64.35987310467277
2024-01-29,BULLISH,4898.18994140625,4928.10009765625,4900.0,4910.0,0.0,0.0,-3.17,683.0,EXPIRY,13.600000381469727,36.804868134252516,BULLISH,3,33.27862546194984,58.48010858204311
2024-01-30,BULLISH,4920.91015625,4924.6201171875,4920.0,4930.0,0.0,0.0,-3.11,151.01171875,EXPIRY,13.3100004196167,37.48557321635218,BULLISH,4,34.864162688544056,74.87094456455279
2024-01-31,BULLISH,4887.990234375,4845.490234375,4890.0,4900.0,0.0,0.0,-3.35,-167.5,STOP_LOSS,14.350000381469727,34.46347335000522,BULLISH,4,39.99721991463414,65.96107442639632
2024-02-01,BEARISH,4879.60009765625,4905.9501953125,4880.0,4870.0,0.0,0.0,-3.24,-162.0,STOP_LOSS,13.880000114440918,40.51105190333786,BEARISH,3,33.44557509708668,27.255490676601667
2024-02-05,BULLISH,4941.97021484375,4942.2099609375,4940.0,4950.0,0.0,0.0,-3.19,-98.00390625,EXPIRY,13.670000076293945,46.727550339340446,BULLISH,4,29.717352321944208,64.38868684954585
2024-02-08,BULLISH,4994.64990234375,4998.52001953125,4995.0,5005.0,0.0,0.0,-2.98,54.001953125,EXPIRY,12.789999961853027,43.209012838490665,BULLISH,4,28.822953524984847,67.72204199138204
2024-02-09,BULLISH,5015.14990234375,5025.89013671875,5015.0,5025.0,0.0,0.0,-3.02,698.0,EXPIRY,12.930000305175781,39.22248560585858,BULLISH,4,33.6343325610503,66.37396430471503
2024-02-12,BULLISH,5042.77978515625,5022.490234375,5045.0,5055.0,0.0,0.0,-3.25,-162.5,STOP_LOSS,13.930000305175781,38.27947450424411,BULLISH,4,42.893833691909755,75.97410783848389
2024-02-13,BULLISH,4958.2998046875,4953.7001953125,4960.0,4970.0,0.0,0.0,-3.7,-185.0,STOP_LOSS,15.850000381469727,37.38355238284489,BULLISH,3,43.44153739189333,61.23366062157729
2024-02-15,BULLISH,5015.56005859375,5029.669921875,5015.0,5025.0,0.0,0.0,-3.27,673.0,EXPIRY,14.010000228881836,46.39154531755906,BULLISH,4,30.62127055324105,55.84783160453538
2024-02-16,BULLISH,5032.580078125,5005.14990234375,5035.0,5045.0,0.0,0.0,-3.32,-166.0,STOP_LOSS,14.239999771118164,44.64337573355119,BULLISH,4,25.781971417637664,64.45272849679252
2024-02-23,BULLISH,5092.56982421875,5089.31005859375,5095.0,5105.0,0.0,0.0,-3.21,-321.0,EXPIRY,13.75,52.96133667495715,BULLISH,4,35.381901307262574,71.2652328083528
2024-02-26,BULLISH,5088.06982421875,5069.08984375,5090.0,5100.0,0.0,0.0,-3.21,-160.5,STOP_LOSS,13.739999771118164,49.8465048057962,BULLISH,4,36.909170877605014,65.84642362534117
2024-03-04,BULLISH,5139.27978515625,5131.0400390625,5140.0,5150.0,0.0,0.0,-3.15,-315.0,EXPIRY,13.489999771118164,41.68825543759143,BULLISH,4,25.543633247115974,74.4586635981363
2024-03-05,BULLISH,5092.2001953125,5078.85986328125,5090.0,5100.0,0.0,0.0,-3.37,-168.5,STOP_LOSS,14.460000038146973,39.1284541917459,BULLISH,3,31.306612535282348,61.66027404527096
2024-03-11,SIDEWAYS,5111.490234375,5118.4599609375,5130.0,5135.0,5095.0,5090.0,1.52,152.0,EXPIRY,15.220000267028809,50.04922646401516,SIDEWAYS,0,18.21033797371208,47.546798926238566
2024-03-12,SIDEWAYS,5157.41015625,5174.93994140625,5175.0,5180.0,5140.0,5135.0,1.38,-276.0,STOP_LOSS,13.84000015258789,47.84533220631314,SIDEWAYS,0,16.621220638692822,47.9075046973815
2024-03-18,BEARISH,5162.3798828125,5149.419921875,5160.0,5150.0,0.0,0.0,-3.34,666.0,EXPIRY,14.329999923706055,47.737090450231065,BEARISH,3,27.07383655394582,42.18263187295003
2024-03-22,BULLISH,5234.47998046875,5234.27001953125,5235.0,5245.0,0.0,0.0,-3.05,-305.0,EXPIRY,13.0600004196167,48.067343273870115,BULLISH,4,35.33527568002538,65.72195680165527
2024-03-25,BULLISH,5224.89990234375,5219.06005859375,5225.0,5235.0,0.0,0.0,-3.08,-308.0,EXPIRY,13.1899995803833,43.82099437902077,BULLISH,3,32.346196780707544,59.00445030394274
2024-04-15,BEARISH,5122.35986328125,5061.6201171875,5120.0,5110.0,0.0,0.0,-4.49,-224.5,STOP_LOSS,19.229999542236328,60.489142863383115,BEARISH,4,26.362139741868134,38.70031542205694
2024-04-16,BEARISH,5060.72998046875,5050.58984375,5060.0,5050.0,0.0,0.0,-4.29,-214.5,STOP_LOSS,18.399999618530273,67.88525193993203,BEARISH,4,27.10082441824656,29.766038495137224
2024-04-17,BEARISH,5020.7099609375,5021.419921875,5020.0,5010.0,0.0,0.0,-4.25,-212.5,STOP_LOSS,18.209999084472656,64.16852043127443,BEARISH,4,33.485385598840246,35.20023072295177
2024-04-18,BEARISH,5041.85009765625,5010.18994140625,5040.0,5030.0,0.0,0.0,-4.2,580.0,EXPIRY,18.0,65.04071249877117,BEARISH,4,36.886430351612084,33.33975977311471
2024-04-19,BEARISH,4967.22021484375,4967.2001953125,4965.0,4955.0,0.0,0.0,-4.37,-218.5,STOP_LOSS,18.709999084472656,63.67128676976835,BEARISH,4,34.47613401152942,34.85703208792479
2024-04-22,BEARISH,4992.580078125,5011.47998046875,4995.0,4985.0,0.0,0.0,-3.95,-197.5,STOP_LOSS,16.940000534057617,63.90977665879924,BEARISH,4,39.0597003679356,29.838673447752868
2024-04-26,SIDEWAYS,5104.259765625,5098.68994140625,5125.0,5130.0,5085.0,5080.0,1.5,150.0,EXPIRY,15.029999732971191,64.54606069250795,SIDEWAYS,0,19.78846141239924,51.89269632777437
2024-05-06,BULLISH,5156.14013671875,5180.7001953125,5155.0,5165.0,0.0,0.0,-3.15,685.0,EXPIRY,13.489999771118164,66.75786805547901,BULLISH,4,31.58521703957275,64.96556645461504
2024-05-07,BULLISH,5196.7001953125,5187.52001953125,5195.0,5205.0,0.0,0.0,-3.09,-154.5,STOP_LOSS,13.229999542236328,64.95148043974848,BULLISH,4,43.238799717481974,73.6294916034752
2024-05-08,BULLISH,5182.7001953125,5187.60986328125,5185.0,5195.0,0.0,0.0,-3.03,-42.01367187499998,EXPIRY,13.0,59.12728565194868,BULLISH,4,50.4466131638273,68.79980595708955
2024-05-09,BULLISH,5201.93017578125,5214.580078125,5200.0,5210.0,0.0,0.0,-2.96,704.0,EXPIRY,12.6899995803833,54.72235850252219,BULLISH,4,42.13522332507864,65.8034887380336
2024-05-10,BULLISH,5216.35986328125,5222.0400390625,5215.0,5225.0,0.0,0.0,-2.93,411.00390625,EXPIRY,12.550000190734863,52.07799716051923,BULLISH,4,38.22400318447488,73.14222726834869
2024-05-13,BULLISH,5225.8798828125,5221.740234375,5225.0,5235.0,0.0,0.0,-3.17,-317.0,EXPIRY,13.600000381469727,49.13159493495001,BULLISH,4,39.98385058375053,71.50019859341425
2024-05-14,BULLISH,5221.509765625,5245.6298828125,5220.0,5230.0,0.0,0.0,-3.13,687.0,EXPIRY,13.420000076293945,46.060663526956674,BULLISH,4,37.57605463458456,64.10935414696303
2024-05-15,BULLISH,5291.47998046875,5308.669921875,5290.0,5300.0,0.0,0.0,-2.9,710.0,EXPIRY,12.449999809265137,44.23792661919579,BULLISH,4,40.96045588827675,69.6343569737262
2024-05-16,BULLISH,5315.68994140625,5297.8701171875,5315.0,5325.0,0.0,0.0,-2.9,-145.0,STOP_LOSS,12.420000076293945,47.016815049136355,BULLISH,4,54.97231590468214,84.5563001462971
2024-05-17,BULLISH,5296.08984375,5303.89013671875,5295.0,5305.0,0.0,0.0,-2.8,609.013671875,EXPIRY,11.989999771118164,44.654612105084844,BULLISH,3,57.150986632815304,63.636562366410736
2024-05-20,BULLISH,5317.9599609375,5309.1201171875,5320.0,5330.0,0.0,0.0,-2.83,-283.0,EXPIRY,12.149999618530273,41.61537736607353,BULLISH,4,43.07636515959205,62.7869765588651
2024-05-21,BULLISH,5311.2900390625,5321.97021484375,5310.0,5320.0,0.0,0.0,-2.77,723.0,EXPIRY,11.859999656677246,39.12264996726373,BULLISH,3,33.88919830896395,58.91628204523915
2024-06-03,BULLISH,5247.06005859375,5282.81982421875,5245.0,5255.0,0.0,0.0,-3.06,694.0,EXPIRY,13.109999656677246,49.06370925139656,BULLISH,4,25.99197840694032,58.20429325324802
2024-06-06,BULLISH,5344.31005859375,5352.91015625,5345.0,5355.0,0.0,0.0,-2.94,497.01562500000006,EXPIRY,12.579999923706055,51.861159284353555,BULLISH,4,30.839136763309472,71.77918559226735
2024-06-07,BULLISH,5365.64990234375,5346.2998046875,5365.0,5375.0,0.0,0.0,-2.85,-142.5,STOP_LOSS,12.220000267028809,48.545035963106415,BULLISH,4,35.866872291671015,66.49187470765969
2024-06-10,BULLISH,5354.919921875,5360.66015625,5355.0,5365.0,0.0,0.0,-2.97,269.015625,EXPIRY,12.739999771118164,47.905697834692226,BULLISH,3,29.97937817467977,56.92881870823768
2024-06-13,BULLISH,5403.89990234375,5432.81005859375,5405.0,5415.0,0.0,0.0,-2.79,721.0,EXPIRY,11.9399995803833,49.835182227501875,BULLISH,4,29.65542016906574,64.70567364570287
2024-06-14,BULLISH,5416.35009765625,5432.35009765625,5415.0,5425.0,0.0,0.0,-2.95,705.0,EXPIRY,12.65999984741211,48.446545951334954,BULLISH,4,33.86308722222339,64.79405375104162
2024-06-17,BULLISH,5458.18994140625,5473.669921875,5460.0,5470.0,0.0,0.0,-2.98,-149.0,STOP_LOSS,12.75,45.985704407823626,BULLISH,4,28.060419558613138,61.53024504940686
2024-06-18,BULLISH,5478.5,5486.81005859375,5480.0,5490.0,0.0,0.0,-2.87,394.005859375,EXPIRY,12.300000190734863,48.93429017428048,BULLISH,4,33.758597246378926,67.57575044603557
2024-06-20,BULLISH,5473.759765625,5472.4599609375,5475.0,5485.0,0.0,0.0,-3.1,-155.0,STOP_LOSS,13.279999732971191,44.951059296876416,BULLISH,4,36.91299950909929,69.09484471285012
2024-06-25,SIDEWAYS,5458.06005859375,5470.43994140625,5470.0,5475.0,5445.0,5440.0,1.28,-256.0,STOP_LOSS,12.84000015258789,43.04539025747778,SIDEWAYS,2,0.0,50.0
2024-07-08,BULLISH,5565.58984375,5572.1298828125,5565.0,5575.0,0.0,0.0,-2.89,423.98828124999994,EXPIRY,12.369999885559082,40.56848254438186,BULLISH,4,38.58276864272932,81.66293986327233
2024-07-09,BULLISH,5586.3701171875,5577.52001953125,5585.0,5595.0,0.0,0.0,-2.92,-292.0,EXPIRY,12.510000228881836,37.90603122596428,BULLISH,4,46.052397526717,72.79093409830327
2024-07-10,BULLISH,5608.31005859375,5632.97998046875,5610.0,5620.0,0.0,0.0,-3.0,700.0,EXPIRY,12.850000381469727,35.238547375002376,BULLISH,4,49.6884911481853,68.44669413177601
2024-07-11,BULLISH,5590.93017578125,5585.509765625,5590.0,5600.0,0.0,0.0,-3.01,-301.0,EXPIRY,12.920000076293945,38.32809522500206,BULLISH,4,57.95868235193523,85.16912861780474
2024-07-19,BEARISH,5518.60986328125,5505.72998046875,5520.0,5510.0,0.0,0.0,-3.85,615.0,EXPIRY,16.520000457763672,55.94789774215831,BEARISH,3,29.38073055265696,36.64525064780376
2024-07-22,BEARISH,5539.02001953125,5563.9599609375,5540.0,5530.0,0.0,0.0,-3.48,-174.0,STOP_LOSS,14.90999984741211,56.54950616820388,BEARISH,3,34.81397171032306,33.25677256624421
2024-07-23,SIDEWAYS,5568.91015625,5556.27001953125,5590.0,5595.0,5550.0,5545.0,1.48,148.0,EXPIRY,14.720000267028809,57.72422044994337,SIDEWAYS,0,24.28646454321191,51.99122196234562
2024-07-25,BEARISH,5478.85986328125,5399.31982421875,5480.0,5470.0,0.0,0.0,-4.31,569.0,EXPIRY,18.459999084472656,65.43839711017968,BEARISH,4,33.11206651970432,23.11036774930004
2024-07-26,BEARISH,5472.52001953125,5459.509765625,5475.0,5465.0,0.0,0.0,-3.82,618.0,EXPIRY,16.389999389648438,70.13189728715572,BEARISH,4,33.943935323063776,29.101144376194725
2024-08-06,BEARISH,5275.4501953125,5237.31005859375,5275.0,5265.0,0.0,0.0,-5.5,-275.0,STOP_LOSS,27.709999084472656,112.82108325808365,BEARISH,4,36.65284930686137,31.946081839892813
2024-08-07,BEARISH,5291.77001953125,5201.2099609375,5290.0,5280.0,0.0,0.0,-5.5,-275.0,STOP_LOSS,27.850000381469727,114.57957424033917,BEARISH,4,29.509905850263955,41.047494713356286
2024-08-08,BEARISH,5299.58984375,5318.58984375,5300.0,5290.0,0.0,0.0,-5.5,-275.0,STOP_LOSS,23.790000915527344,117.31564402912728,BEARISH,4,27.005839852689046,38.598671522887265
2024-08-09,SIDEWAYS,5317.43994140625,5343.97021484375,5355.0,5360.0,5280.0,5275.0,2.04,-408.0,STOP_LOSS,20.3700008392334,118.81086284607699,SIDEWAYS,0,17.856937601433472,54.142157513856326
2024-08-14,BULLISH,5440.5,5453.259765625,5440.0,5450.0,0.0,0.0,-3.78,622.0000000000001,EXPIRY,16.190000534057617,100.82583734056108,BULLISH,4,29.02116155041473,71.34771167982254
2024-08-15,BULLISH,5538.60009765625,5542.8798828125,5540.0,5550.0,0.0,0.0,-3.55,-67.01171874999999,EXPIRY,15.229999542236328,93.6904001743196,BULLISH,4,38.74717070907963,72.37701370097083
2024-08-16,BULLISH,5551.43017578125,5554.22021484375,5550.0,5560.0,0.0,0.0,-3.45,77.02148437499999,EXPIRY,14.800000190734863,93.33434942191032,BULLISH,4,52.24554032277978,81.8375571006561
2024-08-19,BULLISH,5579.9501953125,5607.52001953125,5580.0,5590.0,0.0,0.0,-3.42,658.0,EXPIRY,14.649999618530273,85.79777731148894,BULLISH,4,55.929112352947776,79.31844573318445
2024-08-20,BULLISH,5597.52978515625,5596.41015625,5600.0,5610.0,0.0,0.0,-3.71,-371.0,EXPIRY,15.880000114440918,82.0326830449571,BULLISH,4,61.457180162609745,87.38768709020846
2024-08-21,BULLISH,5605.4599609375,5620.419921875,5605.0,5615.0,0.0,0.0,-3.8,620.0,EXPIRY,16.270000457763672,75.76296072229616,BULLISH,4,61.89287839346755,70.02788374842793
2024-08-22,BULLISH,5608.16015625,5573.35986328125,5610.0,5620.0,0.0,0.0,-4.09,-204.5,STOP_LOSS,17.549999237060547,71.14261283432334,BULLISH,4,60.92733217287273,69.07231320597734
2024-08-23,SIDEWAYS,5597.02001953125,5633.31005859375,5620.0,5625.0,5575.0,5570.0,1.58,-316.0,STOP_LOSS,15.859999656677246,72.62626706058023,SIDEWAYS,0,43.96633941941848,45.32476465181125
2024-08-26,BULLISH,5622.5400390625,5618.18994140625,5625.0,5635.0,0.0,0.0,-3.77,-188.5,STOP_LOSS,16.149999618530273,72.4333897858362,BULLISH,4,39.156542823446216,60.06217166968479
2024-08-29,SIDEWAYS,5643.35986328125,5592.56005859375,5665.0,5670.0,5620.0,5615.0,1.56,-312.0,STOP_LOSS,15.649999618530273,65.25386115049471,SIDEWAYS,0,23.471052162428357,44.86184418825825
2024-09-05,BEARISH,5493.89013671875,5503.1201171875,5495.0,5485.0,0.0,0.0,-4.64,-231.99999999999997,STOP_LOSS,19.899999618530273,72.49680223763391,BEARISH,3,27.18202782959974,33.53497692641041
2024-09-06,BEARISH,5406.490234375,5409.64990234375,5405.0,5395.0,0.0,0.0,-5.22,-261.0,STOP_LOSS,22.3799991607666,71.59853068928273,BEARISH,4,25.654350367709174,38.95800872899161
2024-09-09,BEARISH,5476.31005859375,5471.0498046875,5475.0,5465.0,0.0,0.0,-4.54,-58.98046875,EXPIRY,19.450000762939453,78.03207295154503,BEARISH,4,33.29165193095834,29.149911471388535
2024-09-11,SIDEWAYS,5474.89990234375,5551.81005859375,5500.0,5505.0,5450.0,5445.0,1.76,-352.0,STOP_LOSS,17.690000534057617,74.8595808016605,SIDEWAYS,0,15.754304866451042,54.16830468950242
2024-09-16,BULLISH,5618.8701171875,5633.85986328125,5620.0,5630.0,0.0,0.0,-4.0,600.0,EXPIRY,17.139999389648438,77.03530786972166,BULLISH,4,30.81476126760609,68.6317759649558
2024-09-17,BULLISH,5642.75,5635.740234375,5645.0,5655.0,0.0,0.0,-4.11,-205.50000000000003,STOP_LOSS,17.610000610351562,70.96660275792544,BULLISH,4,31.673928624951525,67.78314662658289
2024-09-18,BULLISH,5635.06005859375,5618.89013671875,5635.0,5645.0,0.0,0.0,-4.25,-212.5,STOP_LOSS,18.229999542236328,69.07242291103539,BULLISH,4,29.604240765035264,60.0775183787648
2024-09-20,BULLISH,5702.66015625,5702.509765625,5705.0,5715.0,0.0,0.0,-3.77,-188.5,STOP_LOSS,16.149999618530273,75.88426310456659,BULLISH,4,38.69343103964862,65.59842507909117
2024-09-23,BULLISH,5712.009765625,5718.259765625,5710.0,5720.0,0.0,0.0,-3.71,454.9765625,EXPIRY,15.890000343322754,71.18634833645771,BULLISH,4,29.840619123447446,58.18742950886003
2024-10-15,BULLISH,5839.52978515625,5817.8701171875,5840.0,5850.0,0.0,0.0,-4.82,-241.0,STOP_LOSS,20.639999389648438,52.166202429860995,BULLISH,4,36.758380691070556,72.96662507215572
2024-10-21,BULLISH,5840.35986328125,5854.77978515625,5840.0,5850.0,0.0,0.0,-4.29,571.0,EXPIRY,18.3700008392334,47.480886870787856,BULLISH,4,29.501863354623563,61.37107522296561
2024-10-24,BEARISH,5798.35986328125,5809.259765625,5800.0,5790.0,0.0,0.0,-4.45,-222.5,STOP_LOSS,19.079999923706055,51.80452507466546,BEARISH,3,25.25003621700747,39.04081012911721
2024-11-01,BEARISH,5752.68017578125,5728.43017578125,5755.0,5745.0,0.0,0.0,-5.11,488.99999999999994,EXPIRY,21.8799991607666,55.70955265295163,BEARISH,4,40.69977900892461,21.42964565788155
2024-11-04,BEARISH,5716.2998046875,5713.66015625,5715.0,5705.0,0.0,0.0,-5.13,-379.015625,EXPIRY,21.979999542236328,57.22425552839142,BEARISH,4,40.617490802063664,36.89129327862872
2024-11-05,BEARISH,5773.75,5783.06982421875,5775.0,5765.0,0.0,0.0,-4.78,-478.0,EXPIRY,20.489999771118164,55.583742812105896,BEARISH,4,48.467089516112345,35.433454802553086
2024-11-07,BULLISH,5969.89990234375,5973.1201171875,5970.0,5980.0,0.0,0.0,-3.55,-42.988281249999986,EXPIRY,15.199999809265137,70.375838524704,BULLISH,4,40.514473793557364,79.56326904622222
2024-11-08,BULLISH,5993.169921875,5996.6201171875,5995.0,6005.0,0.0,0.0,-3.49,-186.98828125000003,EXPIRY,14.9399995803833,68.29903401307679,BULLISH,4,49.36066883895399,80.02151061000231
2024-11-11,BULLISH,6004.509765625,6003.580078125,6005.0,6015.0,0.0,0.0,-3.49,-349.0,EXPIRY,14.970000267028809,64.43917583216655,BULLISH,4,56.582419688262355,76.12003513220418
2024-11-12,BULLISH,5980.64990234375,5984.18017578125,5980.0,5990.0,0.0,0.0,-3.43,-171.5,STOP_LOSS,14.710000038146973,59.92996801287768,BULLISH,4,53.95583020839492,72.31701306356243
2024-11-13,BULLISH,6000.02978515625,5986.97021484375,6000.0,6010.0,0.0,0.0,-3.27,-163.5,STOP_LOSS,14.020000457763672,58.58461811116066,BULLISH,3,40.19402554434067,56.6379565755705
2024-11-15,SIDEWAYS,5868.56005859375,5869.75,5885.0,5890.0,5850.0,5845.0,1.62,-324.0,STOP_LOSS,16.139999389648438,55.76923468682734,SIDEWAYS,2,0.0,50.0
2024-11-18,BEARISH,5896.81005859375,5894.25,5895.0,5885.0,0.0,0.0,-3.64,-289.0,EXPIRY,15.579999923706055,61.15469089525036,BEARISH,3,42.095933800478974,27.145016354159097
2024-11-25,BULLISH,5971.7001953125,5987.14990234375,5970.0,5980.0,0.0,0.0,-3.41,659.0,EXPIRY,14.600000381469727,57.60896171307598,BULLISH,4,27.166201385770673,62.353713024829645
2024-11-26,BULLISH,6005.080078125,6020.740234375,6005.0,6015.0,0.0,0.0,-3.29,671.0,EXPIRY,14.100000381469727,57.50641265133252,BULLISH,4,30.767650972732294,61.59789996866128
2024-11-27,BULLISH,5993.68994140625,5998.72021484375,5995.0,6005.0,0.0,0.0,-3.29,43.021484375,EXPIRY,14.100000381469727,54.91219825615485,BULLISH,4,36.627353701604534,69.48874446854055
2024-12-02,BULLISH,6045.830078125,6046.8798828125,6045.0,6055.0,0.0,0.0,-3.11,-123.01171874999999,EXPIRY,13.34000015258789,51.55024905128965,BULLISH,4,29.600881877369407,71.06693715232724
2024-12-03,BULLISH,6040.25,6049.669921875,6040.0,6050.0,0.0,0.0,-3.1,656.9921875,EXPIRY,13.300000190734863,47.50357521945103,BULLISH,4,35.372873709384216,68.53948670566713
2024-12-04,BULLISH,6074.10986328125,6086.22998046875,6075.0,6085.0,0.0,0.0,-3.14,686.0,EXPIRY,13.449999809265137,43.660390190190896,BULLISH,4,31.93820547751826,64.98742514067132
2024-12-05,BULLISH,6090.3701171875,6075.9501953125,6090.0,6100.0,0.0,0.0,-3.16,-316.0,EXPIRY,13.539999961853027,43.166999623165445,BULLISH,4,37.255598361870746,75.23644485855685
2024-12-06,BULLISH,6086.830078125,6088.759765625,6085.0,6095.0,0.0,0.0,-2.98,77.9765625,EXPIRY,12.770000457763672,40.29805331924339,BULLISH,3,36.40031472617129,60.93746912567559
2024-12-09,BULLISH,6064.419921875,6054.580078125,6065.0,6075.0,0.0,0.0,-3.31,-331.0,EXPIRY,14.1899995803833,38.23969308501094,BULLISH,4,34.97482254249368,60.83409239186169
2024-12-10,SIDEWAYS,6053.080078125,6036.31982421875,6065.0,6070.0,6040.0,6035.0,1.42,-284.0,STOP_LOSS,14.180000305175781,38.693085569509485,SIDEWAYS,0,28.80851787245582,40.918372244484964
2024-12-12,BULLISH,6073.5,6051.7001953125,6075.0,6085.0,0.0,0.0,-3.25,-162.5,STOP_LOSS,13.920000076293945,40.85678218887602,BULLISH,4,25.596544978460603,58.26026556183888
2024-12-20,BEARISH,5981.33984375,5932.7998046875,5980.0,5970.0,0.0,0.0,-4.28,572.0,EXPIRY,18.360000610351562,62.239313532564644,BEARISH,4,41.01054196436631,26.29504295879812
2024-12-23,BEARISH,5946.64990234375,5972.22998046875,5945.0,5935.0,0.0,0.0,-3.92,-196.0,STOP_LOSS,16.780000686645508,73.90877224905603,BEARISH,4,35.220668982413905,44.27370563627985
2024-12-31,BEARISH,5882.39013671875,5884.009765625,5880.0,5870.0,0.0,0.0,-4.05,-202.5,STOP_LOSS,17.350000381469727,77.45455894066463,BEARISH,4,26.526219370390915,40.058991809036925
2025-01-02,BEARISH,5868.509765625,5868.83984375,5870.0,5860.0,0.0,0.0,-4.18,-209.0,STOP_LOSS,17.93000030517578,75.24466722774268,BEARISH,4,31.297018364638763,39.60788568989509
2025-01-03,BEARISH,5925.08984375,5941.8798828125,5925.0,5915.0,0.0,0.0,-3.76,-188.0,STOP_LOSS,16.1299991607666,79.28671940987698,BEARISH,4,27.51580261153142,40.77377778283495
2025-01-14,BEARISH,5818.39013671875,5843.31005859375,5820.0,5810.0,0.0,0.0,-4.37,-218.5,STOP_LOSS,18.709999084472656,81.11354885819125,BEARISH,3,25.888385616775746,44.67953869402888
2025-01-21,BULLISH,6037.740234375,6049.22998046875,6040.0,6050.0,0.0,0.0,-3.51,571.998046875,EXPIRY,15.0600004196167,77.5956795060442,BULLISH,4,25.14069750623816,64.93945497191405
2025-01-22,BULLISH,6097.740234375,6085.66015625,6100.0,6110.0,0.0,0.0,-3.52,-352.0,EXPIRY,15.100000381469727,74.56287015523831,BULLISH,4,33.0901300776491,73.7822514362467
2025-01-23,BULLISH,6093.5,6118.22021484375,6095.0,6105.0,0.0,0.0,-3.5,650.0,EXPIRY,15.020000457763672,71.49713069703988,BULLISH,4,42.952080726478016,73.42849886795773
2025-01-24,BULLISH,6114.85009765625,6100.81982421875,6115.0,6125.0,0.0,0.0,-3.47,-173.5,STOP_LOSS,14.850000381469727,67.83885441660124,BULLISH,4,44.62986307085561,75.99122712874055
2025-01-27,BULLISH,5996.72021484375,6013.39013671875,5995.0,6005.0,0.0,0.0,-4.18,582.0,EXPIRY,17.899999618530273,64.05233268188773,BULLISH,3,42.55508495502794,61.34556734670391
2025-01-30,SIDEWAYS,6043.83984375,6069.66015625,6065.0,6070.0,6020.0,6015.0,1.58,-316.0,STOP_LOSS,15.84000015258789,72.08097983210588,SIDEWAYS,0,21.132311151661707,47.925180875911195
2025-02-13,SIDEWAYS,6082.97021484375,6114.93994140625,6105.0,6110.0,6065.0,6060.0,1.52,-304.0,STOP_LOSS,15.100000381469727,62.74836426025042,SIDEWAYS,2,0.0,50.0
2025-02-24,BEARISH,6025.0,5984.2998046875,6025.0,6015.0,0.0,0.0,-4.43,557.0,EXPIRY,18.979999542236328,60.04124581867068,BEARISH,4,29.160017772897437,28.11538848055146
2025-02-25,BEARISH,5949.68994140625,5955.919921875,5950.0,5940.0,0.0,0.0,-4.53,-226.5,STOP_LOSS,19.43000030517578,60.81172293868126,BEARISH,4,39.85688425842942,29.779642252866992
2025-02-26,BEARISH,6000.06005859375,5957.43017578125,6000.0,5990.0,0.0,0.0,-4.46,554.0,EXPIRY,19.100000381469727,63.924782276023755,BEARISH,4,47.40182121408674,36.705705441390656
2025-02-27,BEARISH,5952.3798828125,5862.7900390625,5950.0,5940.0,0.0,0.0,-4.93,507.0,EXPIRY,21.1299991607666,65.68546234755392,BEARISH,4,41.024384905764755,40.84777336851292
2025-02-28,BEARISH,5882.97998046875,5953.02978515625,5885.0,5875.0,0.0,0.0,-4.58,-229.0,STOP_LOSS,19.6299991607666,74.91542153454674,BEARISH,4,37.17917832436808,26.86105866963912
2025-03-03,SIDEWAYS,5949.509765625,5851.330078125,5975.0,5980.0,5925.0,5920.0,2.28,-455.99999999999994,STOP_LOSS,22.780000686645508,81.15866480910718,SIDEWAYS,0,39.24432931443712,53.08986308052773
2025-03-04,BEARISH,5790.169921875,5777.43994140625,5790.0,5780.0,0.0,0.0,-5.49,-274.5,STOP_LOSS,23.510000228881836,93.69480116789289,BEARISH,4,30.556171881177047,39.23116490649401
2025-03-05,BEARISH,5798.35986328125,5840.9501953125,5800.0,5790.0,0.0,0.0,-5.12,-256.0,STOP_LOSS,21.93000030517578,98.86752559550717,BEARISH,4,30.968080043437062,39.006808849187166
2025-03-07,BEARISH,5689.60986328125,5769.14990234375,5690.0,5680.0,0.0,0.0,-5.45,-272.5,STOP_LOSS,23.3700008392334,105.3890560306254,BEARISH,4,28.384990930223974,38.981463908742974
2025-03-11,BEARISH,5566.93994140625,5571.7900390625,5565.0,5555.0,0.0,0.0,-5.5,-275.0,STOP_LOSS,26.920000076293945,120.13719392550307,BEARISH,4,27.99422887580536,32.16518569010513
2025-03-12,BEARISH,5611.0,5598.27978515625,5610.0,5600.0,0.0,0.0,-5.5,450.0,EXPIRY,24.229999542236328,118.504187860436,BEARISH,4,31.332840494638106,36.85924035984613
2025-03-13,BEARISH,5533.5,5521.56005859375,5535.0,5525.0,0.0,0.0,-5.5,-275.0,STOP_LOSS,24.65999984741211,115.5169758332112,BEARISH,4,26.033938711473667,43.08649619486954
2025-03-14,BEARISH,5609.39013671875,5636.85986328125,5610.0,5600.0,0.0,0.0,-5.08,-254.0,STOP_LOSS,21.770000457763672,112.73469936794972,BEARISH,4,30.029575094283853,35.01301908215089
2025-03-17,SIDEWAYS,5644.919921875,5676.16015625,5680.0,5685.0,5610.0,5605.0,2.06,-412.0,STOP_LOSS,20.510000228881836,114.20340611888976,SIDEWAYS,0,21.18620010333198,56.547062687021054
2025-03-27,SIDEWAYS,5708.93017578125,5692.35986328125,5740.0,5745.0,5680.0,5675.0,1.86,186.0,EXPIRY,18.690000534057617,88.37113869871942,SIDEWAYS,0,19.77138612553177,46.535312915362304
2025-03-31,BEARISH,5566.14013671875,5611.330078125,5565.0,5555.0,0.0,0.0,-5.2,-260.0,STOP_LOSS,22.280000686645508,89.58338879620483,BEARISH,4,36.885309861377735,27.269942723454108
2025-04-02,SIDEWAYS,5664.35986328125,5669.25,5695.0,5700.0,5635.0,5630.0,2.16,-432.0,STOP_LOSS,21.510000228881836,95.6029727930383,SIDEWAYS,0,29.719926816271627,52.12412456129725
2025-04-24,BULLISH,5460.81982421875,5483.58984375,5460.0,5470.0,0.0,0.0,-5.5,-275.0,STOP_LOSS,26.469999313354492,181.08063225033345,BULLISH,3,25.737320497148655,57.16589256060751
2025-04-25,BULLISH,5501.72998046875,5523.52001953125,5500.0,5510.0,0.0,0.0,-5.5,-275.0,STOP_LOSS,24.84000015258789,172.59520680445567,BULLISH,4,31.276975804408927,66.15569309585997
2025-04-28,BULLISH,5477.33984375,5528.64013671875,5475.0,5485.0,0.0,0.0,-5.5,450.0,EXPIRY,25.149999618530273,159.21584589719492,BULLISH,4,36.586381312020784,67.25565831745855
2025-04-29,BULLISH,5546.60986328125,5560.2998046875,5545.0,5555.0,0.0,0.0,-5.5,-275.0,STOP_LOSS,24.170000076293945,149.3230690484023,BULLISH,4,34.14242734421378,63.8539917619913
2025-04-30,BULLISH,5498.72021484375,5560.16015625,5500.0,5510.0,0.0,0.0,-5.5,450.0,EXPIRY,24.700000762939453,138.24665984194866,BULLISH,4,33.671695778959396,65.96785624219689
2025-05-01,BULLISH,5620.990234375,5602.31005859375,5620.0,5630.0,0.0,0.0,-5.5,-275.0,STOP_LOSS,24.600000381469727,139.62705311302216,BULLISH,4,25.52008213948901,60.9344673262913
2025-05-05,BULLISH,5674.27001953125,5651.2001953125,5675.0,5685.0,0.0,0.0,-5.5,-275.0,STOP_LOSS,23.639999389648438,128.13278343544775,BULLISH,4,26.3397673467509,65.27807756132395
2025-05-07,SIDEWAYS,5609.0,5629.75,5645.0,5650.0,5575.0,5570.0,2.36,-472.0,STOP_LOSS,23.549999237060547,110.851440842903,SIDEWAYS,0,18.924186904131414,44.63694269229639
2025-05-13,BULLISH,5892.93994140625,5884.8701171875,5895.0,5905.0,0.0,0.0,-4.25,-425.0,EXPIRY,18.219999313354492,108.25974764583512,BULLISH,4,28.037060648668703,76.84498825091426
2025-05-14,BULLISH,5895.5,5891.509765625,5895.0,5905.0,0.0,0.0,-4.34,-217.0,STOP_LOSS,18.6200008392334,102.15180733472378,BULLISH,4,41.86850305396528,74.1854375016129
2025-05-15,BULLISH,5907.08984375,5917.43994140625,5905.0,5915.0,0.0,0.0,-4.16,584.0,EXPIRY,17.829999923706055,93.12355854426062,BULLISH,4,40.882335933488434,71.0305460238506
2025-05-16,BULLISH,5934.97998046875,5958.39990234375,5935.0,5945.0,0.0,0.0,-4.02,598.0,EXPIRY,17.239999771118164,88.5803913633592,BULLISH,4,37.19403874148191,67.48531109601737
2025-05-19,BULLISH,5953.4501953125,5964.16015625,5955.0,5965.0,0.0,0.0,-4.23,493.01562499999994,EXPIRY,18.139999389648438,83.60437303574464,BULLISH,4,39.113345512318475,75.39716993573565
2025-05-20,BULLISH,5939.83984375,5940.830078125,5940.0,5950.0,0.0,0.0,-4.22,-211.0,STOP_LOSS,18.09000015258789,82.17977954764537,BULLISH,4,27.929952706728084,67.09255213104171
2025-05-27,BEARISH,5905.330078125,5921.169921875,5905.0,5895.0,0.0,0.0,-4.42,-221.0,STOP_LOSS,18.959999084472656,78.03645355069726,BEARISH,3,35.06151559462874,36.789420748834495
2025-05-28,BULLISH,5910.4599609375,5889.5,5910.0,5920.0,0.0,0.0,-4.51,-225.5,STOP_LOSS,19.309999465942383,83.83296026477096,BULLISH,4,25.525091032666374,61.60968638632005
2025-06-06,SIDEWAYS,5995.75,5999.66015625,6020.0,6025.0,5975.0,5970.0,1.68,168.0,EXPIRY,16.770000457763672,69.60974070795797,SIDEWAYS,0,16.99814743700598,44.370733791886835
2025-06-27,BULLISH,6186.759765625,6171.97021484375,6185.0,6195.0,0.0,0.0,-3.81,-190.5,STOP_LOSS,16.31999969482422,60.15585470023957,BULLISH,4,32.58863778134601,76.23884416334434
2025-06-30,BULLISH,6185.72021484375,6203.60009765625,6185.0,6195.0,0.0,0.0,-3.9,610.0,EXPIRY,16.729999542236328,59.512417823540964,BULLISH,4,37.48887656693627,67.99088939897493
2025-07-01,BULLISH,6196.14013671875,6197.580078125,6195.0,6205.0,0.0,0.0,-3.93,-134.99218750000003,EXPIRY,16.829999923706055,57.178795967902175,BULLISH,4,36.48868160242842,72.29609619136005
2025-07-02,BULLISH,6214.740234375,6227.27001953125,6215.0,6225.0,0.0,0.0,-3.88,612.0,EXPIRY,16.639999389648438,53.92956588051522,BULLISH,3,31.000398299969355,64.37839430828325
2025-07-07,BULLISH,6227.990234375,6230.759765625,6230.0,6240.0,0.0,0.0,-4.15,-207.50000000000003,STOP_LOSS,17.790000915527344,52.68025587247588,BULLISH,4,31.05286750665595,84.47569927573281
2025-07-16,SIDEWAYS,6237.3701171875,6263.580078125,6255.0,6260.0,6220.0,6215.0,1.72,-344.0,STOP_LOSS,17.15999984741211,48.32857189678033,SIDEWAYS,2,0.0,50.0
2025-07-24,BULLISH,6366.14990234375,6364.02001953125,6365.0,6375.0,0.0,0.0,-3.59,-359.0,EXPIRY,15.390000343322754,45.354712185738265,BULLISH,4,26.595114003952002,71.6629510846744
2025-07-25,BULLISH,6388.169921875,6389.58984375,6390.0,6400.0,0.0,0.0,-3.48,-348.0,EXPIRY,14.930000305175781,42.29407087347317,BULLISH,3,35.911846383897036,62.78802992509874
2025-07-28,BULLISH,6394.259765625,6389.580078125,6395.0,6405.0,0.0,0.0,-3.51,-351.0,EXPIRY,15.029999732971191,40.984158298676746,BULLISH,4,39.733577842517,69.07372144318407
2025-07-29,BULLISH,6376.31982421875,6371.6298828125,6375.0,6385.0,0.0,0.0,-3.73,-373.0,EXPIRY,15.979999542236328,38.89024187968651,BULLISH,4,30.857300967144802,62.002267443152306
2025-07-31,SIDEWAYS,6400.81982421875,6341.5400390625,6415.0,6420.0,6385.0,6380.0,1.68,-336.0,STOP_LOSS,16.719999313354492,42.47151778963121,SIDEWAYS,0,19.555690216785575,47.08553947522877
2025-08-04,BEARISH,6317.10009765625,6329.5400390625,6315.0,6305.0,0.0,0.0,-4.09,-409.0,EXPIRY,17.520000457763672,60.278085861989666,BEARISH,3,32.96763587043007,32.655167019877496
2025-08-13,BULLISH,6450.85009765625,6466.7900390625,6450.0,6460.0,0.0,0.0,-3.38,662.0,EXPIRY,14.489999771118164,62.252844138631936,BULLISH,4,31.008220175827216,72.70006484612934
2025-08-14,BULLISH,6449.47998046875,6467.7998046875,6450.0,6460.0,0.0,0.0,-3.46,654.0,EXPIRY,14.829999923706055,58.65376700348101,BULLISH,4,37.557662917495925,74.39101759005635
2025-08-15,BULLISH,6449.2001953125,6450.1201171875,6450.0,6460.0,0.0,0.0,-3.52,-339.98828125,EXPIRY,15.09000015258789,55.21327775718354,BULLISH,4,36.64081028134074,66.0112419343114
2025-08-22,BEARISH,6462.240234375,6466.35009765625,6460.0,6450.0,0.0,0.0,-3.32,-332.0,EXPIRY,14.220000267028809,50.67686128242941,BEARISH,3,42.850870360385855,39.37027397589182
2025-08-25,BULLISH,6463.77978515625,6439.4501953125,6465.0,6475.0,0.0,0.0,-3.45,-172.5,STOP_LOSS,14.789999961853027,58.415975090605485,BULLISH,4,34.72566531118909,62.53114522840804
2025-09-02,SIDEWAYS,6367.830078125,6414.9501953125,6385.0,6390.0,6350.0,6345.0,1.72,-344.0,STOP_LOSS,17.170000076293945,49.46531268989168,SIDEWAYS,0,21.967079120689,47.535850216543714
2025-09-08,BULLISH,6496.58984375,6496.06005859375,6495.0,6505.0,0.0,0.0,-3.53,-246.99414062499997,EXPIRY,15.109999656677246,58.7355686696308,BULLISH,4,25.345250490573562,58.99692928177419
2025-09-09,BULLISH,6498.77001953125,6512.39990234375,6500.0,6510.0,0.0,0.0,-3.51,649.0,EXPIRY,15.039999961853027,54.52681576368003,BULLISH,4,27.271518879781315,59.36282778521222
2025-09-10,BULLISH,6537.0498046875,6531.89990234375,6535.0,6545.0,0.0,0.0,-3.58,-179.0,STOP_LOSS,15.350000381469727,51.943227307689355,BULLISH,4,27.26684523255181,66.00245252480963
2025-09-11,BULLISH,6583.33984375,6586.7001953125,6585.0,6595.0,0.0,0.0,-3.43,-172.98046875000003,EXPIRY,14.710000038146973,50.79884387499744,BULLISH,4,32.49730544660664,62.65304405097658
2025-09-12,BULLISH,6590.58984375,6583.97021484375,6590.0,6600.0,0.0,0.0,-3.44,-344.0,EXPIRY,14.760000228881836,52.13901104583111,BULLISH,4,41.38738433764619,74.70028082375767
2025-09-15,BULLISH,6614.52978515625,6615.97021484375,6615.0,6625.0,0.0,0.0,-3.66,-268.978515625,EXPIRY,15.6899995803833,47.9497731147203,BULLISH,3,42.946287418028234,66.39666043372614
2025-09-16,BULLISH,6607.2900390625,6606.64013671875,6605.0,6615.0,0.0,0.0,-3.82,-217.98632812499997,EXPIRY,16.360000610351562,46.267147116090925,BULLISH,4,41.5653157739096,71.55850588000683
2025-09-17,BULLISH,6597.18017578125,6600.89013671875,6595.0,6605.0,0.0,0.0,-3.67,-183.5,STOP_LOSS,15.720000267028809,43.68224364644547,BULLISH,3,41.09389243582162,61.82774715221276
2025-09-19,BULLISH,6651.2900390625,6662.83984375,6650.0,6660.0,0.0,0.0,-3.6,-180.0,STOP_LOSS,15.449999809265137,48.80016213749682,BULLISH,3,27.94039377257414,59.920072317647474
2025-09-22,BULLISH,6685.52978515625,6693.759765625,6685.0,6695.0,0.0,0.0,-3.76,499.9765625,EXPIRY,16.100000381469727,47.82810926916391,BULLISH,4,27.43715530442737,67.79670416598658
2025-09-23,BULLISH,6678.68017578125,6658.08984375,6680.0,6690.0,0.0,0.0,-3.88,-194.0,STOP_LOSS,16.639999389648438,48.22570251244206,BULLISH,4,30.61004459483005,74.06887295224759
2025-09-25,SIDEWAYS,6605.25,6604.2001953125,6620.0,6625.0,6590.0,6585.0,1.68,-336.0,STOP_LOSS,16.739999771118164,49.242639644067594,SIDEWAYS,0,23.5898096667548,41.878622072012014
2025-09-26,BEARISH,6630.18017578125,6643.5400390625,6630.0,6620.0,0.0,0.0,-3.57,-357.0,EXPIRY,15.289999961853027,51.84362102485858,BEARISH,3,36.630631564697595,35.48077836699788
2025-10-13,BEARISH,6657.47021484375,6653.91015625,6655.0,6645.0,0.0,0.0,-4.44,-335.01562500000006,EXPIRY,19.030000686645508,68.90490261566171,BEARISH,4,29.66129783713469,17.185839460539697
2025-10-17,BEARISH,6653.10986328125,6662.91015625,6655.0,6645.0,0.0,0.0,-4.85,-242.49999999999997,STOP_LOSS,20.780000686645508,89.86195626490078,BEARISH,3,27.119296246654528,44.708704879762244
2025-10-20,SIDEWAYS,6729.77978515625,6734.77001953125,6760.0,6765.0,6700.0,6695.0,1.82,182.0,EXPIRY,18.229999542236328,87.89637772124735,SIDEWAYS,0,21.63437642112574,51.2834704585517
2025-10-23,SIDEWAYS,6728.02978515625,6738.169921875,6755.0,6760.0,6700.0,6695.0,1.72,172.0,EXPIRY,17.299999237060547,80.21962819967199,SIDEWAYS,0,21.014407023697967,49.02394795048281
2025-10-28,BULLISH,6883.740234375,6890.89013671875,6885.0,6895.0,0.0,0.0,-3.83,206.013671875,EXPIRY,16.420000076293945,76.58759193009018,BULLISH,4,32.76548843886834,78.78093542042546
2025-10-29,BULLISH,6907.72998046875,6892.169921875,6910.0,6920.0,0.0,0.0,-3.95,-197.5,STOP_LOSS,16.920000076293945,71.7852229019115,BULLISH,4,42.784093430848046,70.90205223703227
2025-10-31,SIDEWAYS,6838.93017578125,6840.22998046875,6860.0,6865.0,6815.0,6810.0,1.74,-348.0,STOP_LOSS,17.440000534057617,71.14609606993575,SIDEWAYS,2,0.0,50.0
2025-11-03,SIDEWAYS,6849.06982421875,6852.02978515625,6870.0,6875.0,6825.0,6820.0,1.72,172.0,EXPIRY,17.170000076293945,70.31463742727765,SIDEWAYS,0,26.721408278678847,47.01546618689668
2025-11-05,BEARISH,6821.18017578125,6795.9501953125,6820.0,6810.0,0.0,0.0,-4.2,580.0,EXPIRY,18.010000228881836,71.3118832231552,BEARISH,3,34.08813776357229,33.80015084580674
2025-11-06,BEARISH,6715.8701171875,6721.72021484375,6715.0,6705.0,0.0,0.0,-4.55,-227.5,STOP_LOSS,19.5,70.69295504340118,BEARISH,3,29.64617923166391,42.427378832347735
2025-11-07,BEARISH,6655.27001953125,6729.02001953125,6655.0,6645.0,0.0,0.0,-4.45,-222.5,STOP_LOSS,19.079999923706055,73.15661572511436,BEARISH,4,37.10339678753415,34.18461459526304
2025-11-11,BULLISH,6829.81982421875,6848.08984375,6830.0,6840.0,0.0,0.0,-4.03,-201.5,STOP_LOSS,17.280000686645508,81.35327383214147,BULLISH,4,30.371631237231963,61.589834163821585
2025-11-14,BEARISH,6768.0498046875,6735.10009765625,6770.0,6760.0,0.0,0.0,-4.63,537.0,EXPIRY,19.829999923706055,79.2734597893044,BEARISH,4,25.738215193374185,34.20624224929716
2025-11-17,BEARISH,6739.64990234375,6672.91015625,6740.0,6730.0,0.0,0.0,-5.22,478.0,EXPIRY,22.3799991607666,85.69565733823048,BEARISH,4,28.716108200565326,39.56146320774637
2025-11-18,BEARISH,6602.39013671875,6616.93994140625,6600.0,6590.0,0.0,0.0,-5.5,-275.0,STOP_LOSS,24.690000534057617,89.68291604729974,BEARISH,4,36.04893110027641,34.41742900530649
2025-11-19,BEARISH,6627.60009765625,6642.93017578125,6630.0,6620.0,0.0,0.0,-5.5,-275.0,STOP_LOSS,23.65999984741211,90.80390484515978,BEARISH,4,43.944877627078554,35.51184704635443
2025-11-20,BEARISH,6600.22021484375,6539.18017578125,6600.0,6590.0,0.0,0.0,-5.5,-275.0,STOP_LOSS,26.420000076293945,90.19671753247181,BEARISH,3,36.87868927581575,44.66167677943192
2025-11-21,BEARISH,6617.3798828125,6603.7998046875,6615.0,6605.0,0.0,0.0,-5.47,-273.5,STOP_LOSS,23.43000030517578,109.67719425730891,BEARISH,4,32.051359597472086,36.87156789847998
2025-12-10,SIDEWAYS,6842.52978515625,6886.9501953125,6865.0,6870.0,6820.0,6815.0,1.58,-316.0,STOP_LOSS,15.770000457763672,62.50765780400657,SIDEWAYS,0,10.841812867394887,45.692538937163214
2025-12-18,BEARISH,6767.14990234375,6774.35009765625,6765.0,6755.0,0.0,0.0,-3.94,-197.0,STOP_LOSS,16.8700008392334,70.46018011098032,BEARISH,4,33.46509379308801,28.886534212214983
2025-12-26,BULLISH,6929.6201171875,6930.52001953125,6930.0,6940.0,0.0,0.0,-3.17,-264.998046875,EXPIRY,13.600000381469727,61.181705708128774,BULLISH,4,35.96256109911339,79.13361798182689
2025-12-29,BULLISH,6890.2998046875,6906.9599609375,6890.0,6900.0,0.0,0.0,-3.31,669.0,EXPIRY,14.199999809265137,56.24680119704494,BULLISH,4,44.389376051410736,72.81498884420193
2026-01-02,BEARISH,6850.3701171875,6858.5400390625,6850.0,6840.0,0.0,0.0,-3.39,-339.0,EXPIRY,14.510000228881836,50.607049063491175,BEARISH,3,26.687518071269075,27.778536592351415
2026-01-07,BULLISH,6962.97021484375,6921.52978515625,6965.0,6975.0,0.0,0.0,-3.59,-179.5,STOP_LOSS,15.380000114440918,53.38246477879337,BULLISH,4,26.36740548349523,67.78071701460722
2026-01-12,BULLISH,6971.10986328125,6976.72021484375,6970.0,6980.0,0.0,0.0,-3.53,319.021484375,EXPIRY,15.119999885559082,51.19482601905824,BULLISH,4,25.525996774064847,63.029750772907555
2026-01-21,BEARISH,6821.75,6875.47998046875,6820.0,6810.0,0.0,0.0,-3.94,-197.0,STOP_LOSS,16.899999618530273,65.69830163038391,BEARISH,4,29.20872134504874,19.67961947964028
2026-01-28,BULLISH,6971.7900390625,6976.27978515625,6970.0,6980.0,0.0,0.0,-3.82,245.97851562500003,EXPIRY,16.350000381469727,60.35998193212982,BULLISH,4,26.323198944659996,63.866018992171426
2026-01-29,BULLISH,6933.7099609375,6966.27001953125,6935.0,6945.0,0.0,0.0,-3.94,-197.0,STOP_LOSS,16.8799991607666,57.48796090367917,BULLISH,4,25.258441074753396,57.83803648598067
2026-02-17,BEARISH,6839.1298828125,6846.02978515625,6840.0,6830.0,0.0,0.0,-4.73,-236.50000000000003,STOP_LOSS,20.290000915527344,91.54554633553927,BEARISH,4,26.678482242262067,37.532568559022614
2026-02-18,BEARISH,6900.52001953125,6879.66015625,6900.0,6890.0,0.0,0.0,-4.58,542.0,EXPIRY,19.6200008392334,91.53817140746736,BEARISH,3,33.477876732630776,44.90974483449333
2026-02-19,SIDEWAYS,6856.3798828125,6861.64990234375,6885.0,6890.0,6830.0,6825.0,2.02,202.0,EXPIRY,20.229999542236328,88.11973553230506,SIDEWAYS,0,23.36347229039672,51.25325454525732
